protocol,reagent,source_slot,source_well,load_ul,stock_mM,naphthalene_stock_mM,solvent
dose_and_react,L01,1,A1,170,30,,toluene
dose_and_react,L02,1,B1,150,30,,toluene
dose_and_react,L03,1,C1,140,30,,toluene
dose_and_react,L04,1,D1,160,30,,toluene
dose_and_react,L05,1,A2,190,30,,toluene
dose_and_react,L06,1,B2,160,30,,toluene
dose_and_react,L07,1,C2,150,30,,toluene
dose_and_react,L08,1,D2,140,30,,toluene
dose_and_react,L09,1,A3,150,30,,toluene
dose_and_react,L10,1,B3,160,30,,toluene
dose_and_react,L11,1,C3,140,30,,toluene
dose_and_react,L12,1,D3,160,30,,toluene
dose_and_react,L13,1,A4,140,30,,toluene
dose_and_react,L14,1,B4,150,30,,toluene
dose_and_react,L15,1,C4,130,30,,toluene
dose_and_react,L16,1,D4,160,30,,toluene
dose_and_react,L17,1,A5,180,30,,toluene
dose_and_react,L18,1,B5,140,30,,toluene
dose_and_react,L19,1,C5,140,30,,toluene
dose_and_react,L20,1,D5,140,30,,toluene
dose_and_react,L21,1,A6,130,30,,toluene
dose_and_react,L22,1,B6,170,30,,toluene
dose_and_react,L23,1,C6,160,30,,toluene
dose_and_react,L24,1,D6,140,30,,toluene
dose_and_react,L25,4,A1,140,30,,toluene
dose_and_react,L26,4,B1,160,30,,toluene
dose_and_react,L27,4,C1,160,30,,toluene
dose_and_react,L28,4,D1,160,30,,toluene
dose_and_react,L29,4,A2,140,30,,toluene
dose_and_react,L30,4,B2,170,30,,toluene
dose_and_react,L31,4,C2,150,30,,toluene
dose_and_react,substrate_DCM,2,A1,2540,250,2.5,DCM
dose_and_react,Pd,2,A2,1670,60,,toluene
dose_and_react,toluene,2,A3,2330,,,toluene
workup,workup,2,A4,4310,0,,"1:1 water/acetonitrile, 1% v/v formic acid; NO naphthalene"
workup,LC_diluent,2,A5,12890,,,"1:1 water/acetonitrile, 1% v/v formic acid; NO naphthalene"
