pair_id,ligand_a,ligand_b,kind,selection_method,round,sample_id,well,substrate_umol,pd_umol,ligand_a_umol,ligand_b_umol,sm_DCM_ul,substrate_predosed_umol,naphthalene_total_umol,naphthalene_added_with_substrate_umol,naphthalene_predosed_umol,naphthalene_workup_umol,internal_standard_final_uM,ligand_a_ul,ligand_b_ul,pd_ul,toluene_ul,reaction_volume_ul,temperature_C,reaction_minutes,workup_ul,aliquot_ul,diluent_ul
L06__L28,L06,L28,pair,consensus_SYNTHETIC_fingerprint_fixture,1,R1-001,A1,5.0,0.6,0.3,0.3,20.0,0,0.05,0.05,0,0.0,50.0,10.0,10.0,10.0,20.0,50,95,240,50,20,180
L13__L31,L13,L31,pair,consensus_SYNTHETIC_fingerprint_fixture,1,R1-002,B1,5.0,0.6,0.3,0.3,20.0,0,0.05,0.05,0,0.0,50.0,10.0,10.0,10.0,20.0,50,95,240,50,20,180
L17__L26,L17,L26,pair,consensus_SYNTHETIC_fingerprint_fixture,1,R1-003,C1,5.0,0.6,0.3,0.3,20.0,0,0.05,0.05,0,0.0,50.0,10.0,10.0,10.0,20.0,50,95,240,50,20,180
L01__L04,L01,L04,pair,consensus_SYNTHETIC_fingerprint_fixture,1,R1-004,D1,5.0,0.6,0.3,0.3,20.0,0,0.05,0.05,0,0.0,50.0,10.0,10.0,10.0,20.0,50,95,240,50,20,180
L22__L26,L22,L26,pair,consensus_SYNTHETIC_fingerprint_fixture,1,R1-005,E1,5.0,0.6,0.3,0.3,20.0,0,0.05,0.05,0,0.0,50.0,10.0,10.0,10.0,20.0,50,95,240,50,20,180
L04__L29,L04,L29,pair,consensus_SYNTHETIC_fingerprint_fixture,1,R1-006,F1,5.0,0.6,0.3,0.3,20.0,0,0.05,0.05,0,0.0,50.0,10.0,10.0,10.0,20.0,50,95,240,50,20,180
L28__L31,L28,L31,pair,consensus_SYNTHETIC_fingerprint_fixture,1,R1-007,G1,5.0,0.6,0.3,0.3,20.0,0,0.05,0.05,0,0.0,50.0,10.0,10.0,10.0,20.0,50,95,240,50,20,180
L22__L28,L22,L28,pair,consensus_SYNTHETIC_fingerprint_fixture,1,R1-008,H1,5.0,0.6,0.3,0.3,20.0,0,0.05,0.05,0,0.0,50.0,10.0,10.0,10.0,20.0,50,95,240,50,20,180
L18__L27,L18,L27,pair,consensus_SYNTHETIC_fingerprint_fixture,1,R1-009,A2,5.0,0.6,0.3,0.3,20.0,0,0.05,0.05,0,0.0,50.0,10.0,10.0,10.0,20.0,50,95,240,50,20,180
L04__L27,L04,L27,pair,consensus_SYNTHETIC_fingerprint_fixture,1,R1-010,B2,5.0,0.6,0.3,0.3,20.0,0,0.05,0.05,0,0.0,50.0,10.0,10.0,10.0,20.0,50,95,240,50,20,180
L04__L05,L04,L05,pair,consensus_SYNTHETIC_fingerprint_fixture,1,R1-011,C2,5.0,0.6,0.3,0.3,20.0,0,0.05,0.05,0,0.0,50.0,10.0,10.0,10.0,20.0,50,95,240,50,20,180
L14__L30,L14,L30,pair,consensus_SYNTHETIC_fingerprint_fixture,1,R1-012,D2,5.0,0.6,0.3,0.3,20.0,0,0.05,0.05,0,0.0,50.0,10.0,10.0,10.0,20.0,50,95,240,50,20,180
L07__L09,L07,L09,pair,consensus_SYNTHETIC_fingerprint_fixture,1,R1-013,E2,5.0,0.6,0.3,0.3,20.0,0,0.05,0.05,0,0.0,50.0,10.0,10.0,10.0,20.0,50,95,240,50,20,180
L30__L31,L30,L31,pair,consensus_SYNTHETIC_fingerprint_fixture,1,R1-014,F2,5.0,0.6,0.3,0.3,20.0,0,0.05,0.05,0,0.0,50.0,10.0,10.0,10.0,20.0,50,95,240,50,20,180
L17__L18,L17,L18,pair,consensus_SYNTHETIC_fingerprint_fixture,1,R1-015,G2,5.0,0.6,0.3,0.3,20.0,0,0.05,0.05,0,0.0,50.0,10.0,10.0,10.0,20.0,50,95,240,50,20,180
L14__L22,L14,L22,pair,consensus_SYNTHETIC_fingerprint_fixture,1,R1-016,H2,5.0,0.6,0.3,0.3,20.0,0,0.05,0.05,0,0.0,50.0,10.0,10.0,10.0,20.0,50,95,240,50,20,180
L19__L26,L19,L26,pair,consensus_SYNTHETIC_fingerprint_fixture,1,R1-017,A3,5.0,0.6,0.3,0.3,20.0,0,0.05,0.05,0,0.0,50.0,10.0,10.0,10.0,20.0,50,95,240,50,20,180
L04__L16,L04,L16,pair,consensus_SYNTHETIC_fingerprint_fixture,1,R1-018,B3,5.0,0.6,0.3,0.3,20.0,0,0.05,0.05,0,0.0,50.0,10.0,10.0,10.0,20.0,50,95,240,50,20,180
L07__L23,L07,L23,pair,consensus_SYNTHETIC_fingerprint_fixture,1,R1-019,C3,5.0,0.6,0.3,0.3,20.0,0,0.05,0.05,0,0.0,50.0,10.0,10.0,10.0,20.0,50,95,240,50,20,180
L18__L29,L18,L29,pair,consensus_SYNTHETIC_fingerprint_fixture,1,R1-020,D3,5.0,0.6,0.3,0.3,20.0,0,0.05,0.05,0,0.0,50.0,10.0,10.0,10.0,20.0,50,95,240,50,20,180
L05__L12,L05,L12,pair,consensus_SYNTHETIC_fingerprint_fixture,1,R1-021,E3,5.0,0.6,0.3,0.3,20.0,0,0.05,0.05,0,0.0,50.0,10.0,10.0,10.0,20.0,50,95,240,50,20,180
L04__L08,L04,L08,pair,consensus_SYNTHETIC_fingerprint_fixture,1,R1-022,F3,5.0,0.6,0.3,0.3,20.0,0,0.05,0.05,0,0.0,50.0,10.0,10.0,10.0,20.0,50,95,240,50,20,180
L09__L27,L09,L27,pair,consensus_SYNTHETIC_fingerprint_fixture,1,R1-023,G3,5.0,0.6,0.3,0.3,20.0,0,0.05,0.05,0,0.0,50.0,10.0,10.0,10.0,20.0,50,95,240,50,20,180
L01__L21,L01,L21,pair,consensus_SYNTHETIC_fingerprint_fixture,1,R1-024,H3,5.0,0.6,0.3,0.3,20.0,0,0.05,0.05,0,0.0,50.0,10.0,10.0,10.0,20.0,50,95,240,50,20,180
L09__L30,L09,L30,pair,consensus_SYNTHETIC_fingerprint_fixture,1,R1-025,A4,5.0,0.6,0.3,0.3,20.0,0,0.05,0.05,0,0.0,50.0,10.0,10.0,10.0,20.0,50,95,240,50,20,180
L26__L30,L26,L30,pair,consensus_SYNTHETIC_fingerprint_fixture,1,R1-026,B4,5.0,0.6,0.3,0.3,20.0,0,0.05,0.05,0,0.0,50.0,10.0,10.0,10.0,20.0,50,95,240,50,20,180
L01__L29,L01,L29,pair,consensus_SYNTHETIC_fingerprint_fixture,1,R1-027,C4,5.0,0.6,0.3,0.3,20.0,0,0.05,0.05,0,0.0,50.0,10.0,10.0,10.0,20.0,50,95,240,50,20,180
L06__L14,L06,L14,pair,consensus_SYNTHETIC_fingerprint_fixture,1,R1-028,D4,5.0,0.6,0.3,0.3,20.0,0,0.05,0.05,0,0.0,50.0,10.0,10.0,10.0,20.0,50,95,240,50,20,180
L16__L21,L16,L21,pair,consensus_SYNTHETIC_fingerprint_fixture,1,R1-029,E4,5.0,0.6,0.3,0.3,20.0,0,0.05,0.05,0,0.0,50.0,10.0,10.0,10.0,20.0,50,95,240,50,20,180
L03__L10,L03,L10,pair,consensus_SYNTHETIC_fingerprint_fixture,1,R1-030,F4,5.0,0.6,0.3,0.3,20.0,0,0.05,0.05,0,0.0,50.0,10.0,10.0,10.0,20.0,50,95,240,50,20,180
L07__L12,L07,L12,pair,consensus_SYNTHETIC_fingerprint_fixture,1,R1-031,G4,5.0,0.6,0.3,0.3,20.0,0,0.05,0.05,0,0.0,50.0,10.0,10.0,10.0,20.0,50,95,240,50,20,180
,L17,,single,specified_control,1,R1-032,H4,5.0,0.6,0.6,0,20.0,0,0.05,0.05,0,0.0,50.0,20.0,0.0,10.0,20.0,50,95,240,50,20,180
L23__L29,L23,L29,pair,consensus_SYNTHETIC_fingerprint_fixture,1,R1-033,A5,5.0,0.6,0.3,0.3,20.0,0,0.05,0.05,0,0.0,50.0,10.0,10.0,10.0,20.0,50,95,240,50,20,180
L09__L16,L09,L16,pair,consensus_SYNTHETIC_fingerprint_fixture,1,R1-034,B5,5.0,0.6,0.3,0.3,20.0,0,0.05,0.05,0,0.0,50.0,10.0,10.0,10.0,20.0,50,95,240,50,20,180
L01__L10,L01,L10,pair,consensus_SYNTHETIC_fingerprint_fixture,1,R1-035,C5,5.0,0.6,0.3,0.3,20.0,0,0.05,0.05,0,0.0,50.0,10.0,10.0,10.0,20.0,50,95,240,50,20,180
L10__L30,L10,L30,pair,consensus_SYNTHETIC_fingerprint_fixture,1,R1-036,D5,5.0,0.6,0.3,0.3,20.0,0,0.05,0.05,0,0.0,50.0,10.0,10.0,10.0,20.0,50,95,240,50,20,180
L21__L24,L21,L24,pair,consensus_SYNTHETIC_fingerprint_fixture,1,R1-037,E5,5.0,0.6,0.3,0.3,20.0,0,0.05,0.05,0,0.0,50.0,10.0,10.0,10.0,20.0,50,95,240,50,20,180
L03__L13,L03,L13,pair,consensus_SYNTHETIC_fingerprint_fixture,1,R1-038,F5,5.0,0.6,0.3,0.3,20.0,0,0.05,0.05,0,0.0,50.0,10.0,10.0,10.0,20.0,50,95,240,50,20,180
L06__L22,L06,L22,pair,consensus_SYNTHETIC_fingerprint_fixture,1,R1-039,G5,5.0,0.6,0.3,0.3,20.0,0,0.05,0.05,0,0.0,50.0,10.0,10.0,10.0,20.0,50,95,240,50,20,180
L08__L19,L08,L19,pair,consensus_SYNTHETIC_fingerprint_fixture,1,R1-040,H5,5.0,0.6,0.3,0.3,20.0,0,0.05,0.05,0,0.0,50.0,10.0,10.0,10.0,20.0,50,95,240,50,20,180
L14__L25,L14,L25,pair,consensus_SYNTHETIC_fingerprint_fixture,1,R1-041,A6,5.0,0.6,0.3,0.3,20.0,0,0.05,0.05,0,0.0,50.0,10.0,10.0,10.0,20.0,50,95,240,50,20,180
L02__L19,L02,L19,pair,consensus_SYNTHETIC_fingerprint_fixture,1,R1-042,B6,5.0,0.6,0.3,0.3,20.0,0,0.05,0.05,0,0.0,50.0,10.0,10.0,10.0,20.0,50,95,240,50,20,180
L22__L31,L22,L31,pair,consensus_SYNTHETIC_fingerprint_fixture,1,R1-043,C6,5.0,0.6,0.3,0.3,20.0,0,0.05,0.05,0,0.0,50.0,10.0,10.0,10.0,20.0,50,95,240,50,20,180
L01__L18,L01,L18,pair,consensus_SYNTHETIC_fingerprint_fixture,1,R1-044,D6,5.0,0.6,0.3,0.3,20.0,0,0.05,0.05,0,0.0,50.0,10.0,10.0,10.0,20.0,50,95,240,50,20,180
L16__L18,L16,L18,pair,consensus_SYNTHETIC_fingerprint_fixture,1,R1-045,E6,5.0,0.6,0.3,0.3,20.0,0,0.05,0.05,0,0.0,50.0,10.0,10.0,10.0,20.0,50,95,240,50,20,180
L08__L11,L08,L11,pair,consensus_SYNTHETIC_fingerprint_fixture,1,R1-046,F6,5.0,0.6,0.3,0.3,20.0,0,0.05,0.05,0,0.0,50.0,10.0,10.0,10.0,20.0,50,95,240,50,20,180
L05__L09,L05,L09,pair,consensus_SYNTHETIC_fingerprint_fixture,1,R1-047,G6,5.0,0.6,0.3,0.3,20.0,0,0.05,0.05,0,0.0,50.0,10.0,10.0,10.0,20.0,50,95,240,50,20,180
L12__L30,L12,L30,pair,consensus_SYNTHETIC_fingerprint_fixture,1,R1-048,H6,5.0,0.6,0.3,0.3,20.0,0,0.05,0.05,0,0.0,50.0,10.0,10.0,10.0,20.0,50,95,240,50,20,180
L03__L05,L03,L05,pair,consensus_SYNTHETIC_fingerprint_fixture,1,R1-049,A7,5.0,0.6,0.3,0.3,20.0,0,0.05,0.05,0,0.0,50.0,10.0,10.0,10.0,20.0,50,95,240,50,20,180
L24__L27,L24,L27,pair,consensus_SYNTHETIC_fingerprint_fixture,1,R1-050,B7,5.0,0.6,0.3,0.3,20.0,0,0.05,0.05,0,0.0,50.0,10.0,10.0,10.0,20.0,50,95,240,50,20,180
L02__L03,L02,L03,pair,consensus_SYNTHETIC_fingerprint_fixture,1,R1-051,C7,5.0,0.6,0.3,0.3,20.0,0,0.05,0.05,0,0.0,50.0,10.0,10.0,10.0,20.0,50,95,240,50,20,180
L12__L19,L12,L19,pair,consensus_SYNTHETIC_fingerprint_fixture,1,R1-052,D7,5.0,0.6,0.3,0.3,20.0,0,0.05,0.05,0,0.0,50.0,10.0,10.0,10.0,20.0,50,95,240,50,20,180
L06__L17,L06,L17,pair,consensus_SYNTHETIC_fingerprint_fixture,1,R1-053,E7,5.0,0.6,0.3,0.3,20.0,0,0.05,0.05,0,0.0,50.0,10.0,10.0,10.0,20.0,50,95,240,50,20,180
L15__L28,L15,L28,pair,consensus_SYNTHETIC_fingerprint_fixture,1,R1-054,F7,5.0,0.6,0.3,0.3,20.0,0,0.05,0.05,0,0.0,50.0,10.0,10.0,10.0,20.0,50,95,240,50,20,180
L05__L25,L05,L25,pair,consensus_SYNTHETIC_fingerprint_fixture,1,R1-055,G7,5.0,0.6,0.3,0.3,20.0,0,0.05,0.05,0,0.0,50.0,10.0,10.0,10.0,20.0,50,95,240,50,20,180
L07__L31,L07,L31,pair,consensus_SYNTHETIC_fingerprint_fixture,1,R1-056,H7,5.0,0.6,0.3,0.3,20.0,0,0.05,0.05,0,0.0,50.0,10.0,10.0,10.0,20.0,50,95,240,50,20,180
L05__L28,L05,L28,pair,consensus_SYNTHETIC_fingerprint_fixture,1,R1-057,A8,5.0,0.6,0.3,0.3,20.0,0,0.05,0.05,0,0.0,50.0,10.0,10.0,10.0,20.0,50,95,240,50,20,180
L05__L23,L05,L23,pair,consensus_SYNTHETIC_fingerprint_fixture,1,R1-058,B8,5.0,0.6,0.3,0.3,20.0,0,0.05,0.05,0,0.0,50.0,10.0,10.0,10.0,20.0,50,95,240,50,20,180
L17__L29,L17,L29,pair,consensus_SYNTHETIC_fingerprint_fixture,1,R1-059,C8,5.0,0.6,0.3,0.3,20.0,0,0.05,0.05,0,0.0,50.0,10.0,10.0,10.0,20.0,50,95,240,50,20,180
L01__L26,L01,L26,pair,consensus_SYNTHETIC_fingerprint_fixture,1,R1-060,D8,5.0,0.6,0.3,0.3,20.0,0,0.05,0.05,0,0.0,50.0,10.0,10.0,10.0,20.0,50,95,240,50,20,180
L22__L23,L22,L23,pair,consensus_SYNTHETIC_fingerprint_fixture,1,R1-061,E8,5.0,0.6,0.3,0.3,20.0,0,0.05,0.05,0,0.0,50.0,10.0,10.0,10.0,20.0,50,95,240,50,20,180
L05__L31,L05,L31,pair,consensus_SYNTHETIC_fingerprint_fixture,1,R1-062,F8,5.0,0.6,0.3,0.3,20.0,0,0.05,0.05,0,0.0,50.0,10.0,10.0,10.0,20.0,50,95,240,50,20,180
L11__L27,L11,L27,pair,consensus_SYNTHETIC_fingerprint_fixture,1,R1-063,G8,5.0,0.6,0.3,0.3,20.0,0,0.05,0.05,0,0.0,50.0,10.0,10.0,10.0,20.0,50,95,240,50,20,180
L10__L28,L10,L28,pair,consensus_SYNTHETIC_fingerprint_fixture,1,R1-064,H8,5.0,0.6,0.3,0.3,20.0,0,0.05,0.05,0,0.0,50.0,10.0,10.0,10.0,20.0,50,95,240,50,20,180
L10__L22,L10,L22,pair,consensus_SYNTHETIC_fingerprint_fixture,1,R1-065,A9,5.0,0.6,0.3,0.3,20.0,0,0.05,0.05,0,0.0,50.0,10.0,10.0,10.0,20.0,50,95,240,50,20,180
L24__L30,L24,L30,pair,consensus_SYNTHETIC_fingerprint_fixture,1,R1-066,B9,5.0,0.6,0.3,0.3,20.0,0,0.05,0.05,0,0.0,50.0,10.0,10.0,10.0,20.0,50,95,240,50,20,180
