sample_id,well,round
R1-001,A1,1
R1-002,B1,1
R1-003,C1,1
R1-004,D1,1
R1-005,E1,1
R1-006,F1,1
R1-007,G1,1
R1-008,H1,1
R1-009,A2,1
R1-010,B2,1
R1-011,C2,1
R1-012,D2,1
R1-013,E2,1
R1-014,F2,1
R1-015,G2,1
R1-016,H2,1
R1-017,A3,1
R1-018,B3,1
R1-019,C3,1
R1-020,D3,1
R1-021,E3,1
R1-022,F3,1
R1-023,G3,1
R1-024,H3,1
R1-025,A4,1
R1-026,B4,1
R1-027,C4,1
R1-028,D4,1
R1-029,E4,1
R1-030,F4,1
R1-031,G4,1
R1-032,H4,1
R1-033,A5,1
R1-034,B5,1
R1-035,C5,1
R1-036,D5,1
R1-037,E5,1
R1-038,F5,1
R1-039,G5,1
R1-040,H5,1
R1-041,A6,1
R1-042,B6,1
R1-043,C6,1
R1-044,D6,1
R1-045,E6,1
R1-046,F6,1
R1-047,G6,1
R1-048,H6,1
R1-049,A7,1
R1-050,B7,1
R1-051,C7,1
R1-052,D7,1
R1-053,E7,1
R1-054,F7,1
R1-055,G7,1
R1-056,H7,1
R1-057,A8,1
R1-058,B8,1
R1-059,C8,1
R1-060,D8,1
R1-061,E8,1
R1-062,F8,1
R1-063,G8,1
R1-064,H8,1
R1-065,A9,1
R1-066,B9,1
