reagent,name,solvent,stock_mM,round1_consumption_ul,round2_reserve_ul,dead_ul,prepare_ul,mass_mg,source_slot,source_well,on_deck_ul,source_capacity_ul,capacity_ok
L01,MorDal Phos,toluene,30,61.0,220.0,100,530,7.3719714000000005,1,A1,170,1400,True
L02,racBINAP,toluene,30,21.0,220.0,100,470,8.7799008,1,B1,130,1400,True
L03,RockPhos,toluene,30,41.0,220.0,100,500,7.03059,1,C1,150,1400,True
L04,Alphos,toluene,30,61.0,220.0,100,530,12.959660699999999,1,D1,170,1400,True
L05,AdBrettPhos,toluene,30,81.0,220.0,100,560,10.7676744,1,A2,190,1400,True
L06,Me4t-BuXPhos,toluene,30,41.0,220.0,100,500,7.211415,1,B2,150,1400,True
L07,AdJohnPhos,toluene,30,41.0,220.0,100,500,6.81957,1,C2,150,1400,True
L08,t-BuDave Phos,toluene,30,31.0,220.0,100,480,4.9172975999999995,1,D2,140,1400,True
L09,Xantphos,toluene,30,51.0,220.0,100,510,8.8530696,1,A3,160,1400,True
L10,OTIPS DalPhos,toluene,30,51.0,220.0,100,510,8.428525200000001,1,B3,160,1400,True
L11,Me3OMe-t-BuXPhos,toluene,30,21.0,220.0,100,470,7.004316,1,C3,130,1400,True
L12,VBRIDP,toluene,30,41.0,220.0,100,500,5.077125,1,D3,150,1400,True
L13,Trimesityl phosphine,toluene,30,21.0,220.0,100,470,5.4783435,1,A4,130,1400,True
L14,CataCXium ABn,toluene,30,41.0,220.0,100,500,5.888505,1,B4,150,1400,True
L15,dppb,toluene,30,11.0,220.0,100,450,5.75748,1,C4,120,1400,True
L16,dcypf,toluene,30,41.0,220.0,100,500,8.678745,1,D4,150,1400,True
L17,t-BuBrettPhos,toluene,30,61.0,220.0,100,530,7.7068095,1,A5,170,1400,True
L18,dtbpf,toluene,30,51.0,220.0,100,510,7.2587943,1,B5,160,1400,True
L19,dppp,toluene,30,41.0,220.0,100,500,6.186795,1,C5,150,1400,True
L20,dppf,toluene,30,0.0,220.0,100,430,7.1516439,1,D5,100,1400,True
L21,Xphos,toluene,30,31.0,220.0,100,480,6.8648976,1,A6,140,1400,True
L22,RuPhos,toluene,30,71.0,220.0,100,540,7.5596652,1,B6,180,1400,True
L23,SPhos,toluene,30,41.0,220.0,100,500,6.15807,1,C6,150,1400,True
L24,BrettPhos,toluene,30,31.0,220.0,100,480,7.729646399999999,1,D6,140,1400,True
L25,MeDalPhos,toluene,30,21.0,220.0,100,470,5.9446869,4,A1,130,1400,True
L26,Taniaphos SL-T001-2,toluene,30,51.0,220.0,100,510,10.5200505,4,B1,160,1400,True
L27,tris(3-chlorophenyl)phosphine,toluene,30,51.0,220.0,100,510,5.5940931,4,C1,160,1400,True
L28,BippyPhos,toluene,30,61.0,220.0,100,530,8.055480600000001,4,D1,170,1400,True
L29,meCgPPh,toluene,30,51.0,220.0,100,510,4.4724195,4,A2,160,1400,True
L30,N-XantPhos,toluene,30,71.0,220.0,100,540,8.9353692,4,B2,180,1400,True
L31,Trixie Phos,toluene,30,61.0,220.0,100,530,6.336627,4,C2,170,1400,True
substrate_DCM,substrate_DCM,DCM,250,1538.0,0,1000,3310,133.3599,2,A1,2540,14500,True
Pd,Pd,toluene,60,661.0,110.0,1000,2160,49.09248,2,A2,1670,14500,True
toluene,toluene,toluene,,1329.0,530,1000,3790,,2,A3,2330,14500,True
workup,workup,"1:1 water/acetonitrile, 1% v/v formic acid; naphthalene IS in workup only",1,3308.999999999999,530,1000,6760,0.8664291999999999,2,A4,4310,14500,True
LC_diluent,LC_diluent,"1:1 water/acetonitrile, 1% v/v formic acid; NO naphthalene",,11888.999999999993,1910,1000,21700,,2,A5,12890,14500,True
