sample_id,round,well,conditions_digest,kind,pair_id,ligand_a,ligand_b,yield_percent,conversion_percent,yield_upper_bound_percent,conversion_lower_bound_percent,censored_analytes,product_umol,substrate_remaining_umol,dilution_factor,qc_pass,qc_flags
R2-001,2,A1,c6331647acd2c4c19fc790375976ff6ddd320b573de0b536523669587bd74916,pair,L09__L19,L09,L19,,-2.220446049250313e-14,0.2,,product,,5.000000000000001,10.0,True,
R2-002,2,B1,c6331647acd2c4c19fc790375976ff6ddd320b573de0b536523669587bd74916,pair,L02__L11,L02,L11,4.999999999999998,4.999999999999982,,,,0.24999999999999992,4.750000000000001,10.0,True,
R2-003,2,C1,c6331647acd2c4c19fc790375976ff6ddd320b573de0b536523669587bd74916,pair,L11__L19,L11,L19,9.999999999999998,9.999999999999986,,,,0.4999999999999999,4.500000000000001,10.0,True,
R2-004,2,D1,c6331647acd2c4c19fc790375976ff6ddd320b573de0b536523669587bd74916,pair,L02__L22,L02,L22,14.999999999999996,14.99999999999998,,,,0.7499999999999999,4.250000000000001,10.0,True,
R2-005,2,E1,c6331647acd2c4c19fc790375976ff6ddd320b573de0b536523669587bd74916,pair,L15__L20,L15,L20,20.0,19.999999999999986,,,,1.0,4.000000000000001,10.0,True,
R2-006,2,F1,c6331647acd2c4c19fc790375976ff6ddd320b573de0b536523669587bd74916,pair,L03__L24,L03,L24,25.0,24.99999999999998,,,,1.25,3.750000000000001,10.0,True,
R2-007,2,G1,c6331647acd2c4c19fc790375976ff6ddd320b573de0b536523669587bd74916,pair,L17__L21,L17,L21,30.0,29.999999999999982,,,,1.5,3.500000000000001,10.0,True,
R2-008,2,H1,c6331647acd2c4c19fc790375976ff6ddd320b573de0b536523669587bd74916,pair,L10__L17,L10,L17,35.00000000000001,34.999999999999986,,,,1.7500000000000004,3.2500000000000004,10.0,True,
R2-009,2,A2,c6331647acd2c4c19fc790375976ff6ddd320b573de0b536523669587bd74916,pair,L16__L24,L16,L24,40.00000000000001,39.99999999999999,,,,2.0000000000000004,3.0000000000000004,10.0,True,
R2-010,2,B2,c6331647acd2c4c19fc790375976ff6ddd320b573de0b536523669587bd74916,pair,L08__L30,L08,L30,45.00000000000001,44.99999999999999,,,,2.2500000000000004,2.7500000000000004,10.0,True,
