sample_id,role,analyte,concentration_uM,area,internal_standard_area,internal_standard_concentration_uM,method_id,channel
SYNTHETIC_CAL_substrate_0,calibration,substrate,0,0,10000,50,SYNTHETIC_2MIN,SYNTHETIC_UV
SYNTHETIC_CAL_substrate_100,calibration,substrate,100,1000,10000,50,SYNTHETIC_2MIN,SYNTHETIC_UV
SYNTHETIC_CAL_substrate_500,calibration,substrate,500,5000,10000,50,SYNTHETIC_2MIN,SYNTHETIC_UV
SYNTHETIC_CAL_substrate_1000,calibration,substrate,1000,10000,10000,50,SYNTHETIC_2MIN,SYNTHETIC_UV
SYNTHETIC_CAL_substrate_2500,calibration,substrate,2500,25000,10000,50,SYNTHETIC_2MIN,SYNTHETIC_UV
SYNTHETIC_CAL_substrate_5000,check,substrate,5000,50000,10000,50,SYNTHETIC_2MIN,SYNTHETIC_UV
SYNTHETIC_CAL_substrate_6000,calibration,substrate,6000,60000,10000,50,SYNTHETIC_2MIN,SYNTHETIC_UV
SYNTHETIC_CAL_product_0,calibration,product,0,0,10000,50,SYNTHETIC_2MIN,SYNTHETIC_UV
SYNTHETIC_CAL_product_100,calibration,product,100,1000,10000,50,SYNTHETIC_2MIN,SYNTHETIC_UV
SYNTHETIC_CAL_product_500,calibration,product,500,5000,10000,50,SYNTHETIC_2MIN,SYNTHETIC_UV
SYNTHETIC_CAL_product_1000,calibration,product,1000,10000,10000,50,SYNTHETIC_2MIN,SYNTHETIC_UV
SYNTHETIC_CAL_product_2500,calibration,product,2500,25000,10000,50,SYNTHETIC_2MIN,SYNTHETIC_UV
SYNTHETIC_CAL_product_5000,check,product,5000,50000,10000,50,SYNTHETIC_2MIN,SYNTHETIC_UV
SYNTHETIC_CAL_product_6000,calibration,product,6000,60000,10000,50,SYNTHETIC_2MIN,SYNTHETIC_UV
