sample_id,retention_time_min,area,channel,method_id,qc_flag
R2-001,0.9,0.0,SYNTHETIC_UV,SYNTHETIC_2MIN,ok
R2-001,0.4,50000.0,SYNTHETIC_UV,SYNTHETIC_2MIN,ok
R2-001,1.5,10000,SYNTHETIC_UV,SYNTHETIC_2MIN,ok
R2-002,0.9,2500.0,SYNTHETIC_UV,SYNTHETIC_2MIN,ok
R2-002,0.4,47500.0,SYNTHETIC_UV,SYNTHETIC_2MIN,ok
R2-002,1.5,10000,SYNTHETIC_UV,SYNTHETIC_2MIN,ok
R2-003,0.9,5000.0,SYNTHETIC_UV,SYNTHETIC_2MIN,ok
R2-003,0.4,45000.0,SYNTHETIC_UV,SYNTHETIC_2MIN,ok
R2-003,1.5,10000,SYNTHETIC_UV,SYNTHETIC_2MIN,ok
R2-004,0.9,7500.0,SYNTHETIC_UV,SYNTHETIC_2MIN,ok
R2-004,0.4,42500.0,SYNTHETIC_UV,SYNTHETIC_2MIN,ok
R2-004,1.5,10000,SYNTHETIC_UV,SYNTHETIC_2MIN,ok
R2-005,0.9,10000.0,SYNTHETIC_UV,SYNTHETIC_2MIN,ok
R2-005,0.4,40000.0,SYNTHETIC_UV,SYNTHETIC_2MIN,ok
R2-005,1.5,10000,SYNTHETIC_UV,SYNTHETIC_2MIN,ok
R2-006,0.9,12500.0,SYNTHETIC_UV,SYNTHETIC_2MIN,ok
R2-006,0.4,37500.0,SYNTHETIC_UV,SYNTHETIC_2MIN,ok
R2-006,1.5,10000,SYNTHETIC_UV,SYNTHETIC_2MIN,ok
R2-007,0.9,15000.0,SYNTHETIC_UV,SYNTHETIC_2MIN,ok
R2-007,0.4,35000.0,SYNTHETIC_UV,SYNTHETIC_2MIN,ok
R2-007,1.5,10000,SYNTHETIC_UV,SYNTHETIC_2MIN,ok
R2-008,0.9,17500.0,SYNTHETIC_UV,SYNTHETIC_2MIN,ok
R2-008,0.4,32500.0,SYNTHETIC_UV,SYNTHETIC_2MIN,ok
R2-008,1.5,10000,SYNTHETIC_UV,SYNTHETIC_2MIN,ok
R2-009,0.9,20000.0,SYNTHETIC_UV,SYNTHETIC_2MIN,ok
R2-009,0.4,30000.0,SYNTHETIC_UV,SYNTHETIC_2MIN,ok
R2-009,1.5,10000,SYNTHETIC_UV,SYNTHETIC_2MIN,ok
R2-010,0.9,22500.0,SYNTHETIC_UV,SYNTHETIC_2MIN,ok
R2-010,0.4,27500.0,SYNTHETIC_UV,SYNTHETIC_2MIN,ok
R2-010,1.5,10000,SYNTHETIC_UV,SYNTHETIC_2MIN,ok
