pair_id,llm_percentile,exploration_percentile,consensus_score,exploration_method
L03__L05,0.9892241379310345,0.9540229885057472,0.9716235632183908,diversity_initialization
L09__L30,0.9956896551724138,0.9394812680115274,0.9675854615919706,diversity_initialization
L06__L28,0.9870689655172413,0.9479768786127167,0.967522922064979,diversity_initialization
L01__L10,0.9396551724137931,0.9710144927536232,0.9553348325837081,diversity_initialization
L04__L08,0.978448275862069,0.9418604651162791,0.960154370489174,diversity_initialization
L10__L28,0.9547413793103449,0.9737609329446064,0.9642511561274756,diversity_initialization
L21__L24,0.9310344827586207,0.9590643274853801,0.9450494051220004,diversity_initialization
L22__L26,0.9612068965517241,0.9266862170087976,0.9439465567802608,diversity_initialization
L04__L05,0.8793103448275862,1.0,0.9396551724137931,diversity_initialization
L01__L29,0.9008620689655172,0.9793510324483776,0.9401065507069475,diversity_initialization
L06__L17,0.9568965517241379,0.9349112426035503,0.945903897163844,diversity_initialization
L15__L28,0.9224137931034483,0.9643916913946587,0.9434027422490535,diversity_initialization
L14__L25,0.9633620689655172,0.9375,0.9504310344827587,diversity_initialization
L19__L26,0.9719827586206896,0.9104477611940298,0.9412152599073598,diversity_initialization
L01__L21,0.9698275862068966,0.9221556886227544,0.9459916374148255,diversity_initialization
L04__L27,0.9375,0.9369369369369369,0.9372184684684685,diversity_initialization
L22__L23,0.8620689655172413,1.0,0.9310344827586207,diversity_initialization
L23__L29,0.9913793103448276,0.8549848942598187,0.9231821023023232,diversity_initialization
L08__L11,0.9762931034482759,0.8636363636363636,0.9199647335423198,diversity_initialization
L03__L13,0.9181034482758621,0.8966565349544073,0.9073799916151347,diversity_initialization
L05__L23,0.9978448275862069,0.8018292682926829,0.8998370479394449,diversity_initialization
L01__L26,0.8017241379310345,0.9847094801223242,0.8932168090266793,diversity_initialization
L05__L28,0.8275862068965517,0.950920245398773,0.8892532261476623,diversity_initialization
L17__L26,0.8125,0.96,0.88625,diversity_initialization
L04__L16,0.9094827586206896,0.8703703703703703,0.88992656449553,diversity_initialization
L17__L29,0.9116379310344828,0.8421052631578947,0.8768715970961887,diversity_initialization
L30__L31,0.9806034482758621,0.7732919254658385,0.8769476868708503,diversity_initialization
L03__L10,0.8189655172413793,0.9345794392523364,0.8767724782468579,diversity_initialization
L01__L18,0.8706896551724138,0.884375,0.8775323275862069,diversity_initialization
L10__L22,0.7564655172413793,0.9937304075235109,0.8750979623824451,diversity_initialization
L16__L21,0.853448275862069,0.89937106918239,0.8764096725222295,diversity_initialization
L01__L04,0.7413793103448276,0.9873817034700315,0.8643805069074295,diversity_initialization
L05__L09,0.8685344827586207,0.8639240506329113,0.866229266695766,diversity_initialization
L14__L22,0.8642241379310345,0.8666666666666667,0.8654454022988506,diversity_initialization
L07__L09,0.8168103448275862,0.9012738853503185,0.8590421150889523,diversity_initialization
L09__L16,0.8663793103448276,0.8594249201277955,0.8629021152363116,diversity_initialization
L12__L30,0.9741379310344828,0.7596153846153846,0.8668766578249336,diversity_initialization
L07__L23,0.9461206896551724,0.7877813504823151,0.8669510200687438,diversity_initialization
L22__L31,0.7931034482758621,0.9290322580645162,0.8610678531701892,diversity_initialization
L05__L12,0.9676724137931034,0.7475728155339806,0.857622614663542,diversity_initialization
L05__L25,0.728448275862069,0.9837662337662337,0.8561072548141513,diversity_initialization
L28__L31,0.8814655172413793,0.8338762214983714,0.8576708693698754,diversity_initialization
L14__L30,0.7952586206896551,0.8954248366013072,0.8453417286454812,diversity_initialization
L07__L12,0.915948275862069,0.7770491803278688,0.846498728094969,diversity_initialization
L24__L30,0.9202586206896551,0.7730263157894737,0.8466424682395643,diversity_initialization
L06__L22,0.7887931034482758,0.900990099009901,0.8448916012290884,diversity_initialization
L11__L27,0.9137931034482758,0.7649006622516556,0.8393468828499657,diversity_initialization
L22__L28,0.6939655172413793,0.9767441860465116,0.8353548516439455,diversity_initialization
L02__L03,1.0,0.6666666666666667,0.8333333333333334,diversity_initialization
L09__L27,0.896551724137931,0.7725752508361204,0.8345634874870258,diversity_initialization
L13__L31,0.9331896551724138,0.7483221476510067,0.8407559014117103,diversity_initialization
L18__L27,0.9418103448275862,0.7373737373737373,0.8395920411006618,diversity_initialization
L02__L19,0.8599137931034483,0.8175675675675675,0.838740680335508,diversity_initialization
L05__L31,0.9267241379310345,0.7661016949152543,0.8464129164231444,diversity_initialization
L06__L14,0.8577586206896551,0.826530612244898,0.8421446164672766,diversity_initialization
L17__L18,0.8836206896551724,0.8054607508532423,0.8445407202542073,diversity_initialization
L08__L19,0.9073275862068966,0.773972602739726,0.8406500944733113,diversity_initialization
L16__L18,0.7543103448275862,0.9347079037800687,0.8445091243038274,diversity_initialization
L12__L19,0.9439655172413793,0.7551724137931035,0.8495689655172414,diversity_initialization
L26__L30,0.9504310344827587,0.740484429065744,0.8454577317742513,diversity_initialization
L07__L31,0.8771551724137931,0.8020833333333334,0.8396192528735633,diversity_initialization
L04__L29,0.6702586206896552,0.9860627177700348,0.8281606692298451,diversity_initialization
L18__L29,0.6745689655172413,0.9790209790209791,0.8267949722691101,diversity_initialization
L10__L30,0.6875,0.9754385964912281,0.831469298245614,diversity_initialization
L24__L27,0.8211206896551724,0.8450704225352113,0.8330955560951918,diversity_initialization
