pair_id,mean_score,score_sd,scoring_calls
L01__L02,0,1,5
L01__L03,37,1,5
L01__L04,74,1,5
L01__L05,10,1,5
L01__L06,47,1,5
L01__L07,84,1,5
L01__L08,20,1,5
L01__L09,57,1,5
L01__L10,94,1,5
L01__L11,30,1,5
L01__L12,67,1,5
L01__L13,3,1,5
L01__L14,40,1,5
L01__L15,77,1,5
L01__L16,13,1,5
L01__L17,50,1,5
L01__L18,87,1,5
L01__L19,23,1,5
L01__L20,60,1,5
L01__L21,97,1,5
L01__L22,33,1,5
L01__L23,70,1,5
L01__L24,6,1,5
L01__L25,43,1,5
L01__L26,80,1,5
L01__L27,16,1,5
L01__L28,53,1,5
L01__L29,90,1,5
L01__L30,26,1,5
L01__L31,63,1,5
L02__L03,100,1,5
L02__L04,36,1,5
L02__L05,73,1,5
L02__L06,9,1,5
L02__L07,46,1,5
L02__L08,83,1,5
L02__L09,19,1,5
L02__L10,56,1,5
L02__L11,93,1,5
L02__L12,29,1,5
L02__L13,66,1,5
L02__L14,2,1,5
L02__L15,39,1,5
L02__L16,76,1,5
L02__L17,12,1,5
L02__L18,49,1,5
L02__L19,86,1,5
L02__L20,22,1,5
L02__L21,59,1,5
L02__L22,96,1,5
L02__L23,32,1,5
L02__L24,69,1,5
L02__L25,5,1,5
L02__L26,42,1,5
L02__L27,79,1,5
L02__L28,15,1,5
L02__L29,52,1,5
L02__L30,89,1,5
L02__L31,25,1,5
L03__L04,62,1,5
L03__L05,99,1,5
L03__L06,35,1,5
L03__L07,72,1,5
L03__L08,8,1,5
L03__L09,45,1,5
L03__L10,82,1,5
L03__L11,18,1,5
L03__L12,55,1,5
L03__L13,92,1,5
L03__L14,28,1,5
L03__L15,65,1,5
L03__L16,1,1,5
L03__L17,38,1,5
L03__L18,75,1,5
L03__L19,11,1,5
L03__L20,48,1,5
L03__L21,85,1,5
L03__L22,21,1,5
L03__L23,58,1,5
L03__L24,95,1,5
L03__L25,31,1,5
L03__L26,68,1,5
L03__L27,4,1,5
L03__L28,41,1,5
L03__L29,78,1,5
L03__L30,14,1,5
L03__L31,51,1,5
L04__L05,88,1,5
L04__L06,24,1,5
L04__L07,61,1,5
L04__L08,98,1,5
L04__L09,34,1,5
L04__L10,71,1,5
L04__L11,7,1,5
L04__L12,44,1,5
L04__L13,81,1,5
L04__L14,17,1,5
L04__L15,54,1,5
L04__L16,91,1,5
L04__L17,27,1,5
L04__L18,64,1,5
L04__L19,0,1,5
L04__L20,37,1,5
L04__L21,74,1,5
L04__L22,10,1,5
L04__L23,47,1,5
L04__L24,84,1,5
L04__L25,20,1,5
L04__L26,57,1,5
L04__L27,94,1,5
L04__L28,30,1,5
L04__L29,67,1,5
L04__L30,3,1,5
L04__L31,40,1,5
L05__L06,77,1,5
L05__L07,13,1,5
L05__L08,50,1,5
L05__L09,87,1,5
L05__L10,23,1,5
L05__L11,60,1,5
L05__L12,97,1,5
L05__L13,33,1,5
L05__L14,70,1,5
L05__L15,6,1,5
L05__L16,43,1,5
L05__L17,80,1,5
L05__L18,16,1,5
L05__L19,53,1,5
L05__L20,90,1,5
L05__L21,26,1,5
L05__L22,63,1,5
L05__L23,100,1,5
L05__L24,36,1,5
L05__L25,73,1,5
L05__L26,9,1,5
L05__L27,46,1,5
L05__L28,83,1,5
L05__L29,19,1,5
L05__L30,56,1,5
L05__L31,93,1,5
L06__L07,29,1,5
L06__L08,66,1,5
L06__L09,2,1,5
L06__L10,39,1,5
L06__L11,76,1,5
L06__L12,12,1,5
L06__L13,49,1,5
L06__L14,86,1,5
L06__L15,22,1,5
L06__L16,59,1,5
L06__L17,96,1,5
L06__L18,32,1,5
L06__L19,69,1,5
L06__L20,5,1,5
L06__L21,42,1,5
L06__L22,79,1,5
L06__L23,15,1,5
L06__L24,52,1,5
L06__L25,89,1,5
L06__L26,25,1,5
L06__L27,62,1,5
L06__L28,99,1,5
L06__L29,35,1,5
L06__L30,72,1,5
L06__L31,8,1,5
L07__L08,45,1,5
L07__L09,82,1,5
L07__L10,18,1,5
L07__L11,55,1,5
L07__L12,92,1,5
L07__L13,28,1,5
L07__L14,65,1,5
L07__L15,1,1,5
L07__L16,38,1,5
L07__L17,75,1,5
L07__L18,11,1,5
L07__L19,48,1,5
L07__L20,85,1,5
L07__L21,21,1,5
L07__L22,58,1,5
L07__L23,95,1,5
L07__L24,31,1,5
L07__L25,68,1,5
L07__L26,4,1,5
L07__L27,41,1,5
L07__L28,78,1,5
L07__L29,14,1,5
L07__L30,51,1,5
L07__L31,88,1,5
L08__L09,24,1,5
L08__L10,61,1,5
L08__L11,98,1,5
L08__L12,34,1,5
L08__L13,71,1,5
L08__L14,7,1,5
L08__L15,44,1,5
L08__L16,81,1,5
L08__L17,17,1,5
L08__L18,54,1,5
L08__L19,91,1,5
L08__L20,27,1,5
L08__L21,64,1,5
L08__L22,0,1,5
L08__L23,37,1,5
L08__L24,74,1,5
L08__L25,10,1,5
L08__L26,47,1,5
L08__L27,84,1,5
L08__L28,20,1,5
L08__L29,57,1,5
L08__L30,94,1,5
L08__L31,30,1,5
L09__L10,67,1,5
L09__L11,3,1,5
L09__L12,40,1,5
L09__L13,77,1,5
L09__L14,13,1,5
L09__L15,50,1,5
L09__L16,87,1,5
L09__L17,23,1,5
L09__L18,60,1,5
L09__L19,97,1,5
L09__L20,33,1,5
L09__L21,70,1,5
L09__L22,6,1,5
L09__L23,43,1,5
L09__L24,80,1,5
L09__L25,16,1,5
L09__L26,53,1,5
L09__L27,90,1,5
L09__L28,26,1,5
L09__L29,63,1,5
L09__L30,100,1,5
L09__L31,36,1,5
L10__L11,73,1,5
L10__L12,9,1,5
L10__L13,46,1,5
L10__L14,83,1,5
L10__L15,19,1,5
L10__L16,56,1,5
L10__L17,93,1,5
L10__L18,29,1,5
L10__L19,66,1,5
L10__L20,2,1,5
L10__L21,39,1,5
L10__L22,76,1,5
L10__L23,12,1,5
L10__L24,49,1,5
L10__L25,86,1,5
L10__L26,22,1,5
L10__L27,59,1,5
L10__L28,96,1,5
L10__L29,32,1,5
L10__L30,69,1,5
L10__L31,5,1,5
L11__L12,42,1,5
L11__L13,79,1,5
L11__L14,15,1,5
L11__L15,52,1,5
L11__L16,89,1,5
L11__L17,25,1,5
L11__L18,62,1,5
L11__L19,99,1,5
L11__L20,35,1,5
L11__L21,72,1,5
L11__L22,8,1,5
L11__L23,45,1,5
L11__L24,82,1,5
L11__L25,18,1,5
L11__L26,55,1,5
L11__L27,92,1,5
L11__L28,28,1,5
L11__L29,65,1,5
L11__L30,1,1,5
L11__L31,38,1,5
L12__L13,75,1,5
L12__L14,11,1,5
L12__L15,48,1,5
L12__L16,85,1,5
L12__L17,21,1,5
L12__L18,58,1,5
L12__L19,95,1,5
L12__L20,31,1,5
L12__L21,68,1,5
L12__L22,4,1,5
L12__L23,41,1,5
L12__L24,78,1,5
L12__L25,14,1,5
L12__L26,51,1,5
L12__L27,88,1,5
L12__L28,24,1,5
L12__L29,61,1,5
L12__L30,98,1,5
L12__L31,34,1,5
L13__L14,71,1,5
L13__L15,7,1,5
L13__L16,44,1,5
L13__L17,81,1,5
L13__L18,17,1,5
L13__L19,54,1,5
L13__L20,91,1,5
L13__L21,27,1,5
L13__L22,64,1,5
L13__L23,0,1,5
L13__L24,37,1,5
L13__L25,74,1,5
L13__L26,10,1,5
L13__L27,47,1,5
L13__L28,84,1,5
L13__L29,20,1,5
L13__L30,57,1,5
L13__L31,94,1,5
L14__L15,30,1,5
L14__L16,67,1,5
L14__L17,3,1,5
L14__L18,40,1,5
L14__L19,77,1,5
L14__L20,13,1,5
L14__L21,50,1,5
L14__L22,87,1,5
L14__L23,23,1,5
L14__L24,60,1,5
L14__L25,97,1,5
L14__L26,33,1,5
L14__L27,70,1,5
L14__L28,6,1,5
L14__L29,43,1,5
L14__L30,80,1,5
L14__L31,16,1,5
L15__L16,53,1,5
L15__L17,90,1,5
L15__L18,26,1,5
L15__L19,63,1,5
L15__L20,100,1,5
L15__L21,36,1,5
L15__L22,73,1,5
L15__L23,9,1,5
L15__L24,46,1,5
L15__L25,83,1,5
L15__L26,19,1,5
L15__L27,56,1,5
L15__L28,93,1,5
L15__L29,29,1,5
L15__L30,66,1,5
L15__L31,2,1,5
L16__L17,39,1,5
L16__L18,76,1,5
L16__L19,12,1,5
L16__L20,49,1,5
L16__L21,86,1,5
L16__L22,22,1,5
L16__L23,59,1,5
L16__L24,96,1,5
L16__L25,32,1,5
L16__L26,69,1,5
L16__L27,5,1,5
L16__L28,42,1,5
L16__L29,79,1,5
L16__L30,15,1,5
L16__L31,52,1,5
L17__L18,89,1,5
L17__L19,25,1,5
L17__L20,62,1,5
L17__L21,99,1,5
L17__L22,35,1,5
L17__L23,72,1,5
L17__L24,8,1,5
L17__L25,45,1,5
L17__L26,82,1,5
L17__L27,18,1,5
L17__L28,55,1,5
L17__L29,92,1,5
L17__L30,28,1,5
L17__L31,65,1,5
L18__L19,1,1,5
L18__L20,38,1,5
L18__L21,75,1,5
L18__L22,11,1,5
L18__L23,48,1,5
L18__L24,85,1,5
L18__L25,21,1,5
L18__L26,58,1,5
L18__L27,95,1,5
L18__L28,31,1,5
L18__L29,68,1,5
L18__L30,4,1,5
L18__L31,41,1,5
L19__L20,78,1,5
L19__L21,14,1,5
L19__L22,51,1,5
L19__L23,88,1,5
L19__L24,24,1,5
L19__L25,61,1,5
L19__L26,98,1,5
L19__L27,34,1,5
L19__L28,71,1,5
L19__L29,7,1,5
L19__L30,44,1,5
L19__L31,81,1,5
L20__L21,17,1,5
L20__L22,54,1,5
L20__L23,91,1,5
L20__L24,27,1,5
L20__L25,64,1,5
L20__L26,0,1,5
L20__L27,37,1,5
L20__L28,74,1,5
L20__L29,10,1,5
L20__L30,47,1,5
L20__L31,84,1,5
L21__L22,20,1,5
L21__L23,57,1,5
L21__L24,94,1,5
L21__L25,30,1,5
L21__L26,67,1,5
L21__L27,3,1,5
L21__L28,40,1,5
L21__L29,77,1,5
L21__L30,13,1,5
L21__L31,50,1,5
L22__L23,87,1,5
L22__L24,23,1,5
L22__L25,60,1,5
L22__L26,97,1,5
L22__L27,33,1,5
L22__L28,70,1,5
L22__L29,6,1,5
L22__L30,43,1,5
L22__L31,80,1,5
L23__L24,16,1,5
L23__L25,53,1,5
L23__L26,90,1,5
L23__L27,26,1,5
L23__L28,63,1,5
L23__L29,100,1,5
L23__L30,36,1,5
L23__L31,73,1,5
L24__L25,9,1,5
L24__L26,46,1,5
L24__L27,83,1,5
L24__L28,19,1,5
L24__L29,56,1,5
L24__L30,93,1,5
L24__L31,29,1,5
L25__L26,66,1,5
L25__L27,2,1,5
L25__L28,39,1,5
L25__L29,76,1,5
L25__L30,12,1,5
L25__L31,49,1,5
L26__L27,86,1,5
L26__L28,22,1,5
L26__L29,59,1,5
L26__L30,96,1,5
L26__L31,32,1,5
L27__L28,69,1,5
L27__L29,5,1,5
L27__L30,42,1,5
L27__L31,79,1,5
L28__L29,15,1,5
L28__L30,52,1,5
L28__L31,89,1,5
L29__L30,25,1,5
L29__L31,62,1,5
L30__L31,99,1,5
