sample_id,role,analyte,concentration_uM,area,internal_standard_area,internal_standard_concentration_uM,method_id,channel
CAL-SM-BLANK,calibration,substrate,0,,,50,,
CAL-SM-01,calibration,substrate,100,,,50,,
CAL-SM-02,calibration,substrate,500,,,50,,
CAL-SM-03,calibration,substrate,1000,,,50,,
CAL-SM-04,calibration,substrate,2500,,,50,,
CAL-SM-05,calibration,substrate,6000,,,50,,
CAL-SM-CHECK,check,substrate,5000,,,50,,
CAL-P-BLANK,calibration,product,0,,,50,,
CAL-P-01,calibration,product,100,,,50,,
CAL-P-02,calibration,product,500,,,50,,
CAL-P-03,calibration,product,1000,,,50,,
CAL-P-04,calibration,product,2500,,,50,,
CAL-P-05,calibration,product,6000,,,50,,
CAL-P-CHECK,check,product,5000,,,50,,
