ligand_id,cas,name,full_name,smiles,molecular_weight_g_mol,phosphorus_atoms,source_slot,source_well,identity_confirmed,identity_note,source_workbook_row
L01,1237588-12-3,MorDal Phos,4-(2-(Di(adamantan-1-yl)phosphino)phenyl)morpholine,C1CN(CCO1)c2ccccc2P([C@@]34C[C@@H]5C[C@@H](C[C@@H](C5)C3)C4)[C@@]67C[C@@H]8C[C@@H](C[C@@H](C8)C6)C7,463.646,1,1,A1,true,,2
L02,76189-55-4,racBINAP,"2,2’-Bis(diphenylphosphino)-1,1’-binaphthalene",P(c8ccccc8)(c7ccccc7)c1c(c6c(cc1)cccc6)c2c3c(ccc2P(c5ccccc5)c4ccccc4)cccc3,622.688,2,1,B1,true,,3
L03,1262046-34-3,RockPhos,"Di-tert-butyl(2',4',6'-triisopropyl-3-methoxy-6-methyl-[1,1'-biphenyl]-2-yl)phosphine",CC1=C(C2=C(C(C)C)C=C(C(C)C)C=C2C(C)C)C(P(C(C)(C)C)C(C)(C)C)=C(OC)C=C1,468.706,1,1,C1,true,,4
L04,1805783-60-1,Alphos,"Di-1-adamantyl(4″-butyl-2″,3″,5″,6″-tetrafluoro-2′,4′,6′-triisopropyl-2-methoxy-meta-terphenyl)phosphine",CCCCC1=C(C(=C(C(=C1F)F)C2=C(C=C(C(=C2C(C)C)C3=C(C(=CC=C3)OC)P(C45CC6CC(C4)CC(C6)C5)C78CC9CC(C7)CC(C9)C8)C(C)C)C(C)C)F)F,815.073,1,1,D1,true,,5
L05,1160861-59-5,AdBrettPhos,"Di(adamantan-1-yl)(2',4',6'-triisopropyl-3,6-dimethoxy-[1,1'-biphenyl]-2-yl)phosphine",COc1ccc(OC)c(c1P(C23CC4CC(CC(C4)C2)C3)C56CC7CC(CC(C7)C5)C6)-c8c(cc(cc8C(C)C)C(C)C)C(C)C,640.933,1,1,A2,true,,6
L06,857356-94-6,Me4t-BuXPhos,"2-Di-tert-butylphosphino-3,4,5,6-tetramethyl-2′,4′,6′-triisopropyl-1,1′-biphenyl",CC1=C(C)C(C)=C(C)C(C(C(C(C)C)=CC(C(C)C)=C2)=C2C(C)C)=C1P(C(C)(C)C)C(C)(C)C,480.761,1,1,B2,true,,7
L07,224311-55-1,AdJohnPhos,"[1,1'-Biphenyl]-2-yldi(adamantan-1-yl)phosphine",P(C1(C2)CC3CC2CC(C3)C1)(C4=CC=CC=C4C5=CC=CC=C5)C6(C7)CC8CC7CC(C8)C6,454.638,1,1,C2,true,,8
L08,224311-49-3,t-BuDave Phos,"2'-(Di-tert-butylphosphino)-N,N-dimethyl-[1,1'-biphenyl]-2-amine",CN(C)c1ccccc1-c2ccccc2P(C(C)(C)C)C(C)(C)C,341.479,1,1,D2,true,,9
L09,161265-03-8,Xantphos,"9,9-Dimethyl-4,5-bis(diphenylphosphino)xanthene",CC1(c2c(Oc3c1cccc3P(c4ccccc4)c5ccccc5)c(P(c6ccccc6)c7ccccc7)ccc2)C,578.632,2,1,A3,true,,10
L10,1384966-55-5,OTIPS DalPhos,Di(adamantan-1-yl)(2-((triisopropylsilyl)oxy)phenyl)phosphine,CC(C)[Si](Oc1ccccc1P([C@]23C[C@H]4C[C@H](C[C@H](C4)C2)C3)[C@]56C[C@H]7C[C@H](C[C@H](C7)C5)C6)(C(C)C)C(C)C,550.884,1,1,B3,true,,11
L11,1359986-21-2,Me3OMe-t-BuXPhos,"Di-tert-butyl(2',4',6'-triisopropyl-4-methoxy-3,5,6-trimethyl-[1,1'-biphenyl]-2-yl)phosphine",CC1=C(C2=C(C(C)C)C=C(C(C)C)C=C2C(C)C)C(P(C(C)(C)C)C(C)(C)C)=C(C)C(OC)=C1C,496.76,1,1,C3,true,User authorized oxygen-containing benchmark structure correction. Representative regioisomer; commercial Me3(OMe)tBuXPhos may be ~1:1 regioisomer mixture. Preserve vendor/lot identity.,12
L12,384842-25-5,VBRIDP,"Di-tert-butyl(1,1-diphenyl-1-propen-2-yl)phosphine",C\C(P(C(C)(C)C)C(C)(C)C)=C(/c1ccccc1)c2ccccc2,338.475,1,1,D3,true,,13
L13,23897-15-6,Trimesityl phosphine,Trimesitylphosphine,Cc1cc(C)c(P(c2c(C)cc(C)cc2C)c3c(C)cc(C)cc3C)c(C)c1,388.535,1,1,A4,true,,14
L14,395116-70-8,CataCXium ABn,Di(1-adamantyl)benzylphosphine,C1[C@H]2C[C@H]3C[C@@H]1C[C@@](C2)(C3)P(Cc4ccccc4)[C@@]56C[C@@H]7C[C@@H](C[C@@H](C7)C5)C6,392.567,1,1,B4,true,,15
L15,7688-25-7,dppb,"1,4-Bis(diphenylphosphino)butane",C(CCP(c1ccccc1)c2ccccc2)CP(c3ccccc3)c4ccccc4,426.48,2,1,C4,true,,16
L16,146960-90-9,dcypf,"1,1'-Bis(dicyclohexylphosphino)ferrocene",[Fe].[CH]1[CH][CH][C]([CH]1)P(C2CCCCC2)C3CCCCC3.[CH]4[CH][CH][C]([CH]4)P(C5CCCCC5)C6CCCCC6,578.583,2,1,D4,true,,17
L17,1160861-53-9,t-BuBrettPhos,"Di-tert-butyl(2',4',6'-triisopropyl-3,6-dimethoxy-(1,1'-biphenyl)",COc1ccc(OC)c(c1P(C(C)(C)C)C(C)(C)C)-c2c(cc(cc2C(C)C)C(C)C)C(C)C,484.705,1,1,A5,true,,18
L18,84680-95-5,dtbpf,"1,1'-Bis(di-tert-butylphosphino)ferrocene",[Fe].CC(C)(C)P([C]1[CH][CH][CH][CH]1)C(C)(C)C.CC(C)(C)P([C]2[CH][CH][CH][CH]2)C(C)(C)C,474.431,2,1,B5,true,,19
L19,6737-42-4,dppp,"1,3-Bis(diphenylphosphino)propane",C(CP(c1ccccc1)c2ccccc2)CP(c3ccccc3)c4ccccc4,412.453,2,1,C5,true,,20
L20,12150-46-8,dppf,"1,1'-Bis(diphenylphosphino)ferrocene",[Fe].[CH]1[CH][CH][C]([CH]1)P(c2ccccc2)c3ccccc3.[CH]4[CH][CH][C]([CH]4)P(c5ccccc5)c6ccccc6,554.391,2,1,D5,true,,21
L21,564483-18-7,Xphos,"2-(Dicyclohexylphosphino)-2',4',6'-tri-i-propyl-1,1'-biphenyl",CC(C)C1=CC(C(C)C)=CC(C(C)C)=C1C2=C(P(C3CCCCC3)C4CCCCC4)C=CC=C2,476.729,1,1,A6,true,,22
L22,787618-22-8,RuPhos,"2-Dicyclohexylphosphino-2,6-DI-I-Propoxy-1,1-Biphenyl",CC(C)Oc1cccc(OC(C)C)c1-c2ccccc2P(C3CCCCC3)C4CCCCC4,466.646,1,1,B6,true,,23
L23,657408-07-6,SPhos,"2-Dicyclohexylphosphino-2',6'-dimethoxybiphenyl",COc1cccc(OC)c1-c2ccccc2P(C3CCCCC3)C4CCCCC4,410.538,1,1,C6,true,,24
L24,1070663-78-3,BrettPhos,"2-(Dicyclohexylphosphino)3,6-dimethoxy-2′,4′,6′-triisopropyl-1,1′-biphenyl",COc1c(P(C2CCCCC2)C3CCCCC3)c(c4c(C(C)C)cc(C(C)C)cc4C(C)C)c(OC)cc1,536.781,1,1,D6,true,,25
L25,1219080-77-9,MeDalPhos,"2-(Di(adamantan-1-yl)phosphino)-N,N-dimethylaniline",CN(C)c1ccccc1P([C@@]23C[C@@H]4C[C@@H](C[C@@H](C4)C2)C3)[C@@]56C[C@@H]7C[C@@H](C[C@@H](C7)C5)C6,421.609,1,4,A1,true,,26
L26,850444-36-9,Taniaphos SL-T001-2,(2S)-1-[(R)-(Dimethylamino)[2-(diphenylphosphino)phenyl]methyl]-2-(diphenylphosphino)ferrocene,[Fe].[CH]1[CH][CH][CH][CH]1.CN(C)[C@H]([C]2[CH][CH][CH][C]2P(c3ccccc3)c4ccccc4)c5ccccc5P(c6ccccc6)c7ccccc7,687.585,2,4,B1,true,,27
L27,29949-85-7,tris(3-chlorophenyl)phosphine,Tris(3-chlorophenyl)phosphine,C1=CC(=CC(=C1)Cl)P(C2=CC(=CC=C2)Cl)C3=CC(=CC=C3)Cl,365.627,1,4,C1,true,User authorized meta-chloro full-name/SMILES identity; original common-name ortho label corrected.,28
L28,94086-00-1,BippyPhos,"5-(Di-tert-butylphosphino)-1′, 3′, 5′-triphenyl-1′H-[1,4′]bipyrazole",CC(C)(C)P(c1ccnn1-c2c(nn(-c3ccccc3)c2-c4ccccc4)-c5ccccc5)C(C)(C)C,506.634,1,4,D1,true,,29
L29,97739-46-3,meCgPPh,"1,3,5,7-Tetramethyl-2,4,8-trioxa-6-phenyl-6-phosphaadamantane",C12(C)CC3(C)OC(C)(CC(C)(O3)O1)P2C1=CC=CC=C1,292.315,1,4,A2,true,,30
L30,261733-18-0,N-XantPhos,"4,6-Bis(diphenylphosphino)phenoxazine",N1c2cccc(P(c3ccccc3)c4ccccc4)c2Oc5c1cccc5P(c6ccccc6)c7ccccc7,551.566,2,4,B2,true,,31
L31,255836-67-0,Trixie Phos,"[1,1'-Binaphthalen]-2-yldi-tert-butylphosphine",CC(C)(C)P(c1ccc2ccccc2c1-c3cccc4ccccc34)C(C)(C)C,398.53,1,4,C2,true,,32
